customer_code,workshop_code,workshop_name,city,state,sso,region,workshop_division,partner_type,is_active
2000860,2000860,CROSSLAND TRUCKS PVT LTD,JAIPUR,Rajasthan,Jaipur,North,1000860-Sv&Pa-Jaipur-CrossT,Dealer,True
2000862,2000862,CROSSLAND TRUCKS PVT LTD,JAIPUR,Rajasthan,Jaipur,North,1000860-Sv&Pa-Jaipurvki-CrossT,Dealer,True
2001140,2001140,DUNAC AUTOMOBILES PVT LTD,SRIGANGANAGAR,Rajasthan,Jaipur,North,1001140-Sv&Pa-Sgangangr-DunacA,Dealer,True
2001141,2001141,DUNAC AUTOMOBILES PVT LTD,JHUNJHUNU,Rajasthan,Jaipur,North,1001140-Sv&Pa-Jhunjhunu-DunacA,Dealer,True
2001330,2001330,GANGANAGAR MOTORS,KOTA,Rajasthan,Jaipur,North,1001330-Sv&Pa-Kota-GangaM,Dealer,True
2001331,2001331,GANGANAGAR MOTORS,JHALAWAR,Rajasthan,Jaipur,North,1001330-Sv&Pa-Jhalawar-GangaM,Dealer,True
2001754,2001754,ROSHAN MOTORS PVT. LTD.,CHITROLI,Rajasthan,Jaipur,North,1001750-Sv&Pa-Jaipur-Roshan,Dealer,True
200B060,200B060,ROSHAN MOTORS PVT. LTD.,SHAHPURA,Rajasthan,Jaipur,North,1001750-Sv&Pa-Shahpura-Roshan,Dealer,True
2002060,2002060,KHANDELWAL MOTORS PVT LTD,MAHWA,Rajasthan,Jaipur,North,1002060-Sv&Pa-Mahwa-KhnMot,Dealer,True
2003070,2003070,CHANDRMAULI MOTORS PVT LTD,ALWAR,Rajasthan,Jaipur,North,1003070-Sv&Pa-Alwar-ChMotP,Dealer,True
2003073,2003073,CHANDRMAULI MOTORS PVT LTD,BHIWADI,Rajasthan,Jaipur,North,1003070-Sv&Pa-Bhiwadi-ChMotP,Dealer,True
2003250,2003250,MATSYA AUTOMOBILES LTD.,ALWAR,Rajasthan,Jaipur,North,1003250-Sv&Pa-Alwar-Matsya,Dealer,True
2003251,2003251,MATSYA AUTOMOBILES LTD.,BEHROR,Rajasthan,Jaipur,North,1003250-Sv&Pa-Behror-Matsya,Dealer,True
2003540,2003540,KOTA TRUCKS PVT. LTD,KOTA,Rajasthan,Jaipur,North,1003540-Sv&Pa-Kota-KotatR,Dealer,True
2003543,2003543,KOTA TRUCKS PVT. LTD,BUNDI,Rajasthan,Jaipur,North,1003540-Sv&Pa-Bundi-KotatR,Dealer,True
2003546,2003546,KOTA TRUCKS PVT. LTD,BARAN,Rajasthan,Jaipur,North,1003540-Sv&Pa-Rajpali-KotatR,Dealer,True
2004320,2004320,SARAWAGI AUTOMOBILES PVT. LTD .,SRI GANGANAGAR,Rajasthan,Jaipur,North,1004320-Sv&Pa-SriGanganagar-SarWau,Dealer,True
2004322,2004322,SARAWAGI AUTOMOBILES PVT. LTD .,HANUMANGARH,Rajasthan,Jaipur,North,1004320-Sv&Pa-Hanumangarh-SarWau,Dealer,True
2007200,2007200,GANGANAGAR VEHICLES PVT LTD,JAIPUR,Rajasthan,Jaipur,North,1007200-Sv&Pa-Jaipur-GanVeh,Dealer,True
2007230,2007230,DUNAC MOTORS,BIKANER,Rajasthan,Jaipur,North,1007230-Sv&Pa-Bikaner-DunacM,Dealer,True
2007231,2007231,DUNAC MOTORS,NAGAUR,Rajasthan,Jaipur,North,1007230-Sv&Pa-Nagaur-DunacM,Dealer,True
2007830,2007830,RAMJASH DHARNIA TRUCKS,NAGAUR,Rajasthan,Jaipur,North,1007830-Sv&Pa-Nagaur-RamJas,Dealer,True
2008220,2008220,SHRI GANGA FOUR WHEELS PVT LTD,SIKAR,Rajasthan,Jaipur,North,1008220-Sv&Pa-Sikar-SgfWpl,Dealer,True
2008221,2008221,SHRI GANGA FOUR WHEELS PVT LTD,JHUNJHUNU,Rajasthan,Jaipur,North,1008220-Sv&Pa-Jhunjhunu-SgfWpl,Dealer,True
2008240,2008240,RAJARAM DHARNIA FOURWHEELS,BIKANER,Rajasthan,Jaipur,North,1008240-Sv&Pa-Bikaner-RdaFwh,Dealer,True
2008241,2008241,RAJARAM DHARNIA FOURWHEELS,BIKANERS,Rajasthan,Jaipur,North,1008240-Sv&Pa-Bikaners-RdaFwh,Dealer,True
200A780,200A780,PRATAP AUTOCOM PVT LTD,JAIPUR,Rajasthan,Jaipur,North,100A780-Sv&Pa-Jaipur-PraTap,Dealer,True
200A781,200A781,PRATAP AUTOCOM PVT LTD,JHOTWARA,Rajasthan,Jaipur,North,100A780-Sv&Pa-Jhotwara-PraTap,Dealer,True
200A800,200A800,GUPTA TRUCKS,JHALAWAR,Rajasthan,Jaipur,North,100A800-Sv&Pa-Jhalawar-GupTaa,Dealer,True
2082020,2082020,MUNISH MOTORS,BHARATPUR,Rajasthan,Jaipur,North,2082020-Sv&Pa-Bharatpur-MunMot,TASS,True
2082132,2082132,CHAMBAL MOTORS,DHOLPUR,Rajasthan,Jaipur,North,2082132-Sv&Pa-Dholpur-ChaMot,TASS,True
2082137,2082137,ANAND SERVICE STATION,SHAHPURA,Rajasthan,Jaipur,North,2082137-Sv&Pa-Shahpura-AnaSer,TASS,True
2082302,2082302,TRIVENI MOTORS,KOTPUTLI,Rajasthan,Jaipur,North,2082302-Sv&Pa-Kotputli-TrvMot,TASS,True
2082373,2082373,JINDAL MOTORS,DEOLI,Rajasthan,Jaipur,North,2082373-Sv&Pa-Deoli-JinMot,TASS,True
2082404,2082404,GANESH MOTORS,HANUMANGARH,Rajasthan,Jaipur,North,2082404-Sv&Pa-Hanumangar-GanMot,TASS,True
2082539,2082539,SHREE SHYAM MOTORS,BEHROR,Rajasthan,Jaipur,North,2082539-Sv&Pa-Behror,TASS,True
2082553,2082553,SIDDARTH AUTOMOBILES,MERTA,Rajasthan,Jaipur,North,2082553-Sv&Pa-Nagour-SidAut,TASS,True
2082588,2082588,SAHID KUMAR SINGH VIR CHAKRA MOTORS,BHARATPUR,Rajasthan,Jaipur,North,2082588-Sv&Pa-Bharatpur-SKSVCM,TASS,True
2082661,2082661,HIGHWAY MOTORS,JAIPUR,Rajasthan,Jaipur,North,2082661-Sv&Pa-Jaipur-HighMo,TASS,True
2082717,2082717,BANSAL MOTORS -2082717,HANUMANGARH,Rajasthan,Jaipur,North,2082717-Sv&Pa-Hanumangarh-BnlMrs,TASS,True
2082746,2082746,MEEL MOTORS,SUJANGARH,Rajasthan,Jaipur,North,2082746-Sv&Pa-Sujangarh-MelMot,TASS,True
2082811,2082811,KRISHNA MOTORS-2082811,DHOLPUR,Rajasthan,Jaipur,North,2082811-Sv&Pa-Dholpur-Krshna,TASS,True
2082874,2082874,ADITYA MOTORS-2082874,PAOTA,Rajasthan,Jaipur,North,2082874-Sv&Pa-Kotputli-AdyMot,TASS,True
2082895,2082895,BAJRANG MOTORS,KOTPUTLI,Rajasthan,Jaipur,North,2082895-Sv&Pa-Kotputli-BjrMot,TASS,True
2082946,2082946,PRAKASH MOTORS-2082946,SIKAR,Rajasthan,Jaipur,North,2082946-Sv&Pa-Sikar-PrkMot,TASS,True
2082961,2082961,ANAND MOTORS-2082961,MOKHAMPURA,Rajasthan,Jaipur,North,2082961-Sv&Pa-Jaipur-AadMot,TASS,True
2082968,2082968,DEEPAK MOTORS-2082968,CHANDWAJI,Rajasthan,Jaipur,North,2082968-Sv&Pa-Jaipur-DpMrts,TASS,True
2088071,2088071,DHARNIYA AUTOWHEELS,NOKHA,Rajasthan,Jaipur,North,2088071-Sv&Pa-Nokha-DrnAtw,TASS,True
2088186,2088186,ASHOKA MOTORS SERVICE STATION,BARONI,Rajasthan,Jaipur,North,2088186-Sv&Pa-Tonk-AshSer,TASS,True
2088264,2088264,BASWANA MOTORS,HANUMANGARH,Rajasthan,Jaipur,North,2088264-Sv&Pa-Hanumangarh-BasMot,TASS,True
2088271,2088271,R C MOTORS,NEEMRANA,Rajasthan,Jaipur,North,2088271-Sv&Pa-Alwar-RcmTor,TASS,True
2088358,2088358,ARJUN MOTORS,DAUSA,Rajasthan,Jaipur,North,2088358-Sv&Pa-Sikendra-ArjMtr,TASS,True
2088392,2088392,BARNALA MOTORS,SRI GANGANAGAR,Rajasthan,Jaipur,North,2088392-Sv&Pa-Hanumangarh-BarNal,TASS,True
2088405,2088405,SKS MOTORS,TIJARA,Rajasthan,Jaipur,North,2088405-Sv&Pa-Alwar-SksMot,TASS,True
2088471,2088471,OM MOTORS-2088471,BIKANER,Rajasthan,Jaipur,North,2088471-Sv&Pa-Bikaner-OmmMot,TASS,True
2088544,2088544,BALAJI MOTORS-2088544,JHUNJHUNU,Rajasthan,Jaipur,North,2088544-Sv&Pa-Singhana-BatMtr,TASS,True
2088573,2088573,R N AUTOMOBILES,RAJGARH,Rajasthan,Jaipur,North,2088573-Sv&Pa-Ratangarh-RnaUto,TASS,True
2088578,2088578,SHIV AUTOMOBILES & SERVICE CENTER,JAIPUR,Rajasthan,Jaipur,North,2088578-Sv&Pa-Jhotwara-SioAuy,TASS,True
2088617,2088617,LAXMI MOTORS-2088617,NEEMKATHANA,Rajasthan,Jaipur,North,2088617-Sv&Pa-Neemkathana-LaxMis,TASS,True
2088668,2088668,JAGVIJAY MOTORS (INDIA) PVT. LTD.-2088668,ALWAR,Rajasthan,Jaipur,North,2088668-Sv&Pa-Alwar-JagJay,TASS,True
2088677,2088677,MUNISH AUTOMOBILES,BHARATPUR,Rajasthan,Jaipur,North,2088677-Sv&Pa-Bharatpur-Munish,TASS,True
2088766,2088766,SVM MOTORS,TONK,Rajasthan,Jaipur,North,2088766-Sv&Pa-Tonk-SvmMtr,TASS,True
2088801,2088801,DREAM MOTORS,JAIPUR,Rajasthan,Jaipur,North,2088801-Sv&Pa-Kanota-DrmMot,TASS,True
2088831,2088831,MAHA-LAXMI MOTORS,JAIPUR,Rajasthan,Jaipur,North,2088831-Sv&Pa-Jaipur-MhxMot,TASS,True
2088839,2088839,M K AUTOMOBILES,KHARA,Rajasthan,Jaipur,North,2088839-Sv&Pa-Bikaner-MkmObl,TASS,True
2088906,2088906,SHRI TIRUPATI MOTORS,PADASOLI,Rajasthan,Jaipur,North,2088906-Sv&Pa-Padasoli-ShrTir,TASS,True
2088942,2088942,BHARAT MOTORS - 2088942,SARDARSHAR,Rajasthan,Jaipur,North,2088942-Sv&Pa-Sardarshhr-BrtMot,TASS,True
2088955,2088955,MARWAR MOTORS,LADNUN,Rajasthan,Jaipur,North,2088955-Sv&Pa-Ladnun-MawMot,TASS,True
2088976,2088976,JHUNJHUNU BALAJI MOTORS,JHUNJHUNU,Rajasthan,Jaipur,North,2088976-Sv&Pa-Jhunjhunu-JhuBal,TASS,True
2088977,2088977,SHRI DEV MOTORS-2088977,JAIPUR,Rajasthan,Jaipur,North,2088977-Sv&Pa-Shivdspura-SriDev,TASS,True
2088998,2088998,SHREE RAM AUTOMOBILES,DEGANA,Rajasthan,Jaipur,North,2088998-Sv&Pa-Degana-SriTri,TASS,True
2089009,2089009,MANGLAM MOTORS-2089009,DAUSA,Rajasthan,Jaipur,North,2089009-Sv&Pa-Jatwara-MmgLmg,TASS,True
2089014,2089014,SOOPA MOTORS-2089014,BHUSAWAR,Rajasthan,Jaipur,North,2089014-Sv&Pa-Bhusawar-SopMot,TASS,True
2089018,2089018,S S AUTOMOBILES-2089018,MANOHARPUR,Rajasthan,Jaipur,North,2089018-Sv&Pa-Manoharpur-SsaBls,TASS,True
2089042,2089042,MAHESH MOTORS - 2089042,LUNKARANSAR,Rajasthan,Jaipur,North,2089042-Sv&Pa-Lunkaransr-MmhMtr,TASS,True
2089084,2089084,GANPATI AUTOMOBILES,KOTPUTLI,Rajasthan,Jaipur,North,2089084-Sv&Pa-Kotputli-GpiAut,TASS,True
2089098,2089098,GLOBE AUTOMOBILES,BHIWADI,Rajasthan,Jaipur,North,2089098-Sv&Pa-Bhiwadi-GloAum,TASS,True
2089099,2089099,HARIRAM AUTOMOBILES,KHIMSAR,Rajasthan,Jaipur,North,2089099-Sv&Pa-Khimsar-HaiAut,TASS,True
2089133,2089133,RAJDHANI AUTOMOBILES INDIA PVT LTD,SHAHPURA,Rajasthan,Jaipur,North,2089133-Sv&Pa-Shahjahapr-RajDat,TASS,True
2089152,2089152,H.S. MOTORS-2089152,JHUNJHUNU,Rajasthan,Jaipur,North,2089152-Sv&Pa-Chirawa-HsmTrs,TASS,True
2089159,2089159,HANUMAN MOTORS - 2089159,DANTARAMGARH,Rajasthan,Jaipur,North,2089159-Sv&Pa-Dantaramgarh-HanUmo,TASS,True
2089160,2089160,PRINCE MOTORS,ANUPGARH,Rajasthan,Jaipur,North,2089160-Sv&Pa-Anupgarh-PrinMt,TASS,True
2089283,2089283,SHIV SHAKTI TRUCKS-2089283,NAGAUR,Rajasthan,Jaipur,North,2089283-Sv&Pa-Jhunjhala-SstSst,TASS,True
2089320,2089320,RAJDHANI AUTOMOBILES-2089320,PAOTA,Rajasthan,Jaipur,North,2089320-Sv&Pa-Paota-RajAto,TASS,True
2089367,2089367,G R MOTORS-2089367,ARJUNSAR,Rajasthan,Jaipur,North,2089367-Sv&Pa-Arjunsar-GrmTrs,TASS,True
2089447,2089447,PANWAR MOTORS-2089447,DIDWANA,Rajasthan,Jaipur,North,2089447-Sv&Pa-Didwana-PanWMo,TASS,True
2089456,2089456,RAJ MOTORS-2089456,SADULPUR,Rajasthan,Jaipur,North,2089456-Sv&Pa-Churu-RajMrs,TASS,True
2089544,2089544,MORANI TRUCKS-2089544,JAIPUR,Rajasthan,Jaipur,North,2089544-Sv&Pa-Jaipur-MorTru,TASS,True
2089632,2089632,K R MOTORS-2089632,CHURU,Rajasthan,Jaipur,North,2089632-Sv&Pa-Churu-ChuRuk,TASS,True
2089646,2089646,MEHRAJ ENTERPRISES-2089646,DABI,Rajasthan,Jaipur,North,2089646-Sv&Pa-Dabi-MehEtr,TASS,True
2089650,2089650,SHREE KHETARPAL MOTORS-2089650,RAWATSAR,Rajasthan,Jaipur,North,2089650-Sv&Pa-Rawatsar-ShrEek,TASS,True
2089709,2089709,VIJAY LAXMI AUTOMOBILES-2089709,GHATWARA,Rajasthan,Jaipur,North,2089709-Sv&Pa-Ghatwara-VijAya,TASS,True
2089767,2089767,CHAMBAL MOTORS,DHOLPUR,Rajasthan,Jaipur,North,2089767-Sv&Pa-Dholpur-ChmMtr,TASS,True
2089768,2089768,SHRI KRISHNA AUTOMOBILES-2089768,NEEMRANA,Rajasthan,Jaipur,North,2089768-Sv&Pa-Neemrana-SkrAtm,TASS,True
2089769,2089769,G R MOTORS-2089769,LODHSAR,Rajasthan,Jaipur,North,2089769-Sv&Pa-Lodsar-GrmOtr,TASS,True
2089827,2089827,R N AUTOTECH,DHADHAR,Rajasthan,Jaipur,North,2089827-Sv&Pa-Dhadhar-RnaTec,TASS,True
2089836,2089836,SATYAM MOTORS GIDANI-2089836,GIDANI,Rajasthan,Jaipur,North,2089836-Sv&Pa-Gidani-SatMog,TASS,True
2089888,2089888,Deepak Service Station,DANTRI,Rajasthan,Jaipur,North,2089888-Sv&Pa-Dantri-DpkSrs,TASS,True
2089886,2089886,India Motors,KOTPUTLI,Rajasthan,Jaipur,North,2089886-Sv&Pa-Kotputli-LovInd,TASS,True
